supplier_id,supplier_name,city,state_province,country
59562,"Corporacin Gamez, Lugo y Zapata Imports",New York,NY,United States
88484,"Saldivar, Pulido y Palomo Supply",Los Angeles,CA,United States
83310,Canales-Anaya S. R.L. de C.V. Distribution,Los Angeles,CA,United States
23169,"Robinson, Moreno and Lawson Supply",Raleigh,NC,United States
99172,Williams-Moore Trading,Leon,GJ,Mexico
42576,"Obrien, Mendez and Greene Imports",San Diego,CA,United States
96506,Conner and Sons Trading,Ottawa,ON,Canada
63987,Gallegos-Covarrubias S.A. Supply,Vancouver,BC,Canada
33663,Allison-Weaver Trading,Houston,TX,United States
75132,"Parker, Leon and Martin Distribution",Leon,GJ,Mexico
42123,"Horn, Evans and Scott Imports",Austin,TX,United States
93420,Rose Ltd Trading,San Diego,CA,United States
97231,Chase and Sons Supply,Orlando,FL,United States
25310,Mitchell Ltd Trading,Coyoacan,CM,Mexico
92939,"Despacho Canales, Segura y Collado Wholesale",Austin,TX,United States
60916,"Bruce, Pena and Johnson Wholesale",New York,NY,United States
65671,Arroyo-Ledesma y Asociados Trading,Buffalo,NY,United States
54709,"Stevenson, Harris and Willis Distribution",Houston,TX,United States
88971,Carr-Smith Supply,Leon,GJ,Mexico
40232,Anderson Group Distribution,Orlando,FL,United States
69496,Townsend LLC Supply,Victoria,BC,Canada
38331,"Day, Hayes and Wright Distribution",Buffalo,NY,United States
77419,Morrow-Ford Distribution,New York,NY,United States
82492,Vaca y Rivas S.C. Distribution,Monterrey,NL,Mexico
46965,Olivares-Marrero Distribution,San Diego,CA,United States
49261,Proyectos Alonzo-Téllez Imports,Buffalo,NY,United States
33379,"Despacho Espinosa, Esparza y Bonilla Distribution",Orlando,FL,United States
44542,"Hubbard, Erickson and Villa Trading",Monterrey,NL,Mexico
64252,Cuellar S. R.L. de C.V. Wholesale,Halifax,NS,Canada
88316,Fierro y Saiz e Hijos Supply,Charlotte,NC,United States
32606,Despacho Beltrán y Varela Distribution,Buffalo,NY,United States
37122,Hardin-Barnes Wholesale,Leon,GJ,Mexico
93452,Brown and Sons Distribution,Vancouver,BC,Canada
80943,Lewis Group Imports,Dallas,TX,United States
71557,Bean Group Supply,Guanajuato,GJ,Mexico
72746,de la Rosa y Vergara e Hijos Trading,Toronto,ON,Canada
49221,Miller LLC Trading,Charlotte,NC,United States
54858,Velasco-Barreto S.C. Distribution,Los Angeles,CA,United States
20920,Castillo-Robinson Supply,Leon,GJ,Mexico
53568,Taylor LLC Trading,New York,NY,United States
33668,Mccarthy-Rogers Trading,New York,NY,United States
77976,Palomo-Ornelas S. R.L. de C.V. Wholesale,Los Angeles,CA,United States
53070,Torres S.A. de C.V. Trading,Los Angeles,CA,United States
54240,"Santos, Fisher and King Wholesale",Guadalajara,JA,Mexico
81290,"Laboratorios Miramontes, Cuellar y Carrión Distribution",Mexico City,CM,Mexico
75748,Perkins-Burnett Distribution,Toronto,ON,Canada
64705,Alcaraz-Polanco y Asociados Imports,Coyoacan,CM,Mexico
43868,Grijalva-Brito Supply,Charlotte,NC,United States
36915,Flynn PLC Trading,San Diego,CA,United States
59760,"Edwards, Cohen and Wilson Imports",Orlando,FL,United States
72551,Nelson-Jackson Wholesale,New York,NY,United States
72574,Villagómez A.C. Supply,Ottawa,ON,Canada
87638,Donaldson-Humphrey Wholesale,Montreal,QC,Canada
63394,Hill-Fox Wholesale,Halifax,NS,Canada
35050,Rosales-Quiroz S. R.L. de C.V. Imports,Orlando,FL,United States
74030,Meyers LLC Wholesale,Charlotte,NC,United States
97688,Flores-Harris Distribution,Ottawa,ON,Canada
43328,Riddle Group Supply,Montreal,QC,Canada
28720,Jurado y Lemus S. R.L. de C.V. Distribution,Mexico City,CM,Mexico
82477,Yu Group Trading,Leon,GJ,Mexico
68589,"Brito, Valdez y Tijerina Distribution",Montreal,QC,Canada
29456,Corporacin Gallegos-Garza Wholesale,Los Angeles,CA,United States
80473,Norris-Oliver Supply,Los Angeles,CA,United States
33672,"Olson, Hardin and Perry Trading",Miami,FL,United States
52445,Cadena-Benavides Imports,Dallas,TX,United States
68701,Colunga S.A. de C.V. Imports,Halifax,NS,Canada
38819,"Brock, Williams and Khan Wholesale",Monterrey,NL,Mexico
92531,"Sanders, Santiago and Barnett Distribution",San Diego,CA,United States
58937,Gonzalez Inc Distribution,Vancouver,BC,Canada
62952,Garcia Inc Imports,Montreal,QC,Canada
